Date,Beat Name,Platform,Target Plays,Actual Plays,Hit or Miss,Morning Confirmed,Notes
2026-04-15,Hardrock Beat 001,YouTube,1000,,PENDING,NO,
2026-04-15,Hardrock Beat 002,SoundCloud,500,,PENDING,NO,
2026-04-15,Hardrock Beat 003,BeatStars,300,,PENDING,NO,
2026-04-16,Hardrock Beat 001,YouTube,1000,,PENDING,NO,
2026-04-16,Hardrock Beat 002,SoundCloud,500,,PENDING,NO,
2026-04-16,Hardrock Beat 003,BeatStars,300,,PENDING,NO,
2026-04-17,Hardrock Beat 001,YouTube,1000,,PENDING,NO,
2026-04-17,Hardrock Beat 002,SoundCloud,500,,PENDING,NO,
2026-04-17,Hardrock Beat 003,BeatStars,300,,PENDING,NO,
